{
  "benchmark_metadata": {
    "timestamp": "2025-08-24T05:51:52.744898",
    "pytorch_version": "2.8.0",
    "device": "mps",
    "mps_available": true,
    "mps_built": true,
    "total_time_seconds": 147.95503662500414
  },
  "hardware_validation": {
    "pytorch_mps_available": true,
    "pytorch_mps_built": true,
    "device": "mps",
    "cpu_count": 14,
    "memory_gb": 36.0,
    "gpu_memory_test": "PASS",
    "cpu_brand": "Apple M4 Max",
    "estimated_gpu_cores": 40,
    "estimated_neural_engine_tops": 38,
    "memory_bandwidth": {
      "average_bandwidth_gbps": 1.9250077173554627,
      "detailed_results": {
        "size_512": 0.3336631416660231,
        "size_1024": 1.3758168739179815,
        "size_2048": 1.512515545514854,
        "size_4096": 4.478035308322992
      },
      "status": "FAIL"
    },
    "gpu_cores_test": {
      "parallel_operations": 10,
      "total_time_seconds": 0.15920333299436606,
      "operations_per_second": 62.81275531055548,
      "estimated_core_utilization": 100.0,
      "status": "PASS"
    },
    "thermal_management": {
      "test_duration_seconds": 15.019025125016924,
      "operations_completed": 256,
      "operations_per_second": 17.04504772241078,
      "temperatures_recorded": 0,
      "max_temperature": null,
      "avg_temperature": null,
      "thermal_throttling_detected": false,
      "status": "PASS"
    }
  },
  "financial_computing": {
    "monte_carlo": {
      "cpu_time_seconds": 0.008749041997361928,
      "gpu_time_seconds": 0.2616275839973241,
      "speedup": 0.033440824028139984,
      "target_achieved": false,
      "call_price": 10.451828002929688,
      "put_price": 5.592549800872803
    },
    "technical_indicators": {
      "rsi_calculation_seconds": 0.33504545799223706,
      "bollinger_bands_seconds": 0.0670788330025971,
      "macd_calculation_seconds": 0.026808833004906774,
      "total_time_seconds": 0.42893312399974093,
      "status": "PASS"
    },
    "portfolio_optimization": {
      "optimization_time_seconds": 0.5116287500131875,
      "n_assets": 200,
      "n_portfolios": 500,
      "optimal_return": -7.071026175253792e-06,
      "optimal_volatility": 0.0017327462555840611,
      "optimal_sharpe_ratio": -11.546384811401367,
      "status": "PASS"
    }
  },
  "trading_specific": {
    "hft_simulation": {
      "simulation_time_seconds": 0.06257095898035914,
      "orders_processed": 10000000,
      "orders_per_second": 159818551.01723748,
      "latency_per_order_microseconds": 0.006257095898035914,
      "hft_capable": true,
      "status": "PASS"
    },
    "risk_assessment": {
      "risk_calculation_seconds": 2.589423458004603,
      "n_positions": 1000,
      "n_scenarios": 10000,
      "var_95": -279397504.0,
      "var_99": -395644800.0,
      "expected_shortfall": -349769024.0,
      "current_portfolio_value": -3832182272.0,
      "scenarios_per_second": 3861.8635237459193,
      "real_time_capable": false,
      "status": "WARN"
    },
    "backtesting": {
      "backtest_time_seconds": 0.9047123749915045,
      "n_strategies": 100,
      "n_days": 2520,
      "best_strategy_return": 2.397386074066162,
      "best_strategy_sharpe": 191.2814483642578,
      "avg_sharpe_ratio": 1.045630931854248,
      "strategies_per_second": 110.53236671040233,
      "years_per_second": 11.053236671040233,
      "status": "PASS"
    },
    "correlation_analysis": {
      "correlation_time_seconds": 0.1720390839909669,
      "n_assets": 500,
      "n_observations": 2520,
      "first_pc_variance_explained": 0.6466359496116638,
      "top_5_pc_variance_explained": 0.9924764037132263,
      "high_correlation_pairs": 27357,
      "correlation_matrix_computed": true,
      "pca_completed": true,
      "assets_per_second": 2906.3163346431966,
      "status": "PASS"
    }
  },
  "memory_utilization": {
    "gpu_memory_allocation": {
      "allocation_tests": [
        {
          "size_mb": 10,
          "allocation_time_ms": 1.8728750001173466,
          "deallocation_time_ms": 25.987125001847744,
          "success": true
        },
        {
          "size_mb": 50,
          "allocation_time_ms": 2.274665981531143,
          "deallocation_time_ms": 30.53987497696653,
          "success": true
        },
        {
          "size_mb": 100,
          "allocation_time_ms": 2.0560830016620457,
          "deallocation_time_ms": 35.555832990212366,
          "success": true
        },
        {
          "size_mb": 500,
          "allocation_time_ms": 2.1956670098006725,
          "deallocation_time_ms": 36.59508400596678,
          "success": true
        },
        {
          "size_mb": 1000,
          "allocation_time_ms": 2.36658300855197,
          "deallocation_time_ms": 37.61475000646897,
          "success": true
        },
        {
          "size_mb": 2000,
          "allocation_time_ms": 2.3467080027330667,
          "deallocation_time_ms": 62.874208990251645,
          "success": true
        }
      ],
      "avg_allocation_time_ms": 2.185430334066041,
      "avg_deallocation_time_ms": 38.194479328619,
      "max_successful_size_mb": 2000,
      "allocation_efficiency": "HIGH",
      "status": "PASS"
    },
    "unified_memory_bandwidth": {
      "bandwidth_tests": [
        {
          "size": 1024,
          "data_size_mb": 4.0,
          "cpu_to_gpu_time_ms": 4.473625012906268,
          "gpu_compute_time_ms": 0.14112499775364995,
          "gpu_to_cpu_time_ms": 0.7797080033924431,
          "cpu_to_gpu_bandwidth_mbps": 894.12947854595,
          "gpu_to_cpu_bandwidth_mbps": 5130.125614456106
        },
        {
          "size": 4096,
          "data_size_mb": 64.0,
          "cpu_to_gpu_time_ms": 17.384499980835244,
          "gpu_compute_time_ms": 0.15487501514144242,
          "gpu_to_cpu_time_ms": 26.74291600123979,
          "cpu_to_gpu_bandwidth_mbps": 3681.440367600673,
          "gpu_to_cpu_bandwidth_mbps": 2393.1571260603364
        },
        {
          "size": 16384,
          "data_size_mb": 1024.0,
          "cpu_to_gpu_time_ms": 31.880708993412554,
          "gpu_compute_time_ms": 2.697834017453715,
          "gpu_to_cpu_time_ms": 873.9802909840364,
          "cpu_to_gpu_bandwidth_mbps": 32119.73736881407,
          "gpu_to_cpu_bandwidth_mbps": 1171.6511351154757
        }
      ],
      "avg_cpu_to_gpu_bandwidth_mbps": 12231.769071653564,
      "avg_gpu_to_cpu_bandwidth_mbps": 2898.311291877306,
      "unified_memory_performance": "HIGH",
      "status": "PASS"
    },
    "memory_pool": {
      "memory_pool_test_time_seconds": 0.07694687499315478,
      "n_iterations": 100,
      "avg_allocation_time_ms": 0.7694687499315478,
      "memory_fragmentation": "LOW",
      "pool_efficiency": "HIGH",
      "status": "PASS"
    }
  },
  "integration_reliability": {
    "data_transfer": {
      "transfer_tests": [
        {
          "size_mb": 1,
          "cpu_to_gpu_time_ms": 0.6501669995486736,
          "gpu_to_cpu_time_ms": 0.27704198146238923,
          "cpu_to_gpu_bandwidth_gbps": 1.5020179441249715,
          "gpu_to_cpu_bandwidth_gbps": 3.524962154995908
        },
        {
          "size_mb": 10,
          "cpu_to_gpu_time_ms": 37.52674997667782,
          "gpu_to_cpu_time_ms": 0.6649160059168935,
          "cpu_to_gpu_bandwidth_gbps": 0.26023103535662306,
          "gpu_to_cpu_bandwidth_gbps": 14.687005445948891
        },
        {
          "size_mb": 100,
          "cpu_to_gpu_time_ms": 19.3591249990277,
          "gpu_to_cpu_time_ms": 3.020665986696258,
          "cpu_to_gpu_bandwidth_gbps": 5.0444557801504315,
          "gpu_to_cpu_bandwidth_gbps": 32.32937717380925
        },
        {
          "size_mb": 500,
          "cpu_to_gpu_time_ms": 23.767000006046146,
          "gpu_to_cpu_time_ms": 12.7911250165198,
          "cpu_to_gpu_bandwidth_gbps": 20.544504980678457,
          "gpu_to_cpu_bandwidth_gbps": 38.17344051984344
        },
        {
          "size_mb": 1000,
          "cpu_to_gpu_time_ms": 32.01687498949468,